,Text
0,"RT @m_meluha: рдШрд░ рдореЗрдВ рд╕рдмрдХреЛ рдЕрдорди рд╢рд╛рдВрддрд┐ рдЪрд╛рд╣рд┐рдП.. 
рдкрд░ рджрд░рд╡рд╛рдЬреЗ рдкрд░ рд░рдХреНрд╖рд╛ рдХреЗ рд▓рд┐рдП рдХреЛрдИ рдЕрдкрдирд╛ рдмреЗрдЯрд╛ рдирд╣реАрдВ рднреЗрдЬрддрд╛ рд╣реИ!!

#рд╡реНрдпрдВрдЧ #рдорд╕реНрддрдВрдЧ ЁЯНж"
1,"RT @gautam007: рдкрд░рд╕рд╛рдИ рдХреА рд╕рдЪреНрдЪрд╛рдИ......
#рд╡реНрдпрдВрдЧ #рдХрдЯрд╛рдХреНрд╖ https://t.co/DbRaSLn4zC"
2,"RT @gautam007: рдкрд░рд╕рд╛рдИ рдХреА рд╕рдЪреНрдЪрд╛рдИ......
#рд╡реНрдпрдВрдЧ #рдХрдЯрд╛рдХреНрд╖ https://t.co/DbRaSLn4zC"
3,"RT @gautam007: рдкрд░рд╕рд╛рдИ рдХреА рд╕рдЪреНрдЪрд╛рдИ......
#рд╡реНрдпрдВрдЧ #рдХрдЯрд╛рдХреНрд╖ https://t.co/DbRaSLn4zC"
4,"RT @gautam007: рдкрд░рд╕рд╛рдИ рдХреА рд╕рдЪреНрдЪрд╛рдИ......
#рд╡реНрдпрдВрдЧ #рдХрдЯрд╛рдХреНрд╖ https://t.co/DbRaSLn4zC"
5,"RT @m_meluha: рд╣рд╡рд╕ рдХреЛ рджрд░рд╡рд╛рдЬреЗ рдкрд░ рдЖрддрд╛ рджреЗрдЦ... 
рдЗрд╢реНрдХрд╝, рджрд┐рд▓ рдХреА рдЦрд┐рдбрд╝рдХреА рд╕реЗ рдХреБрдж рдХрд░ рдорд░ рдЧрдпреА!! ЁЯШЫ

#рдорд╕реНрддрдВрдЧ #рд╡реНрдпрдВрдЧ #рдпреВрд╣реА ЁЯУЭ"
6,"RT @gautam007: рдкрд░рд╕рд╛рдИ рдХреА рд╕рдЪреНрдЪрд╛рдИ......
#рд╡реНрдпрдВрдЧ #рдХрдЯрд╛рдХреНрд╖ https://t.co/DbRaSLn4zC"
7,"RT @gautam007: рдкрд░рд╕рд╛рдИ рдХреА рд╕рдЪреНрдЪрд╛рдИ......
#рд╡реНрдпрдВрдЧ #рдХрдЯрд╛рдХреНрд╖ https://t.co/DbRaSLn4zC"
8,"RT @gautam007: рдкрд░рд╕рд╛рдИ рдХреА рд╕рдЪреНрдЪрд╛рдИ......
#рд╡реНрдпрдВрдЧ #рдХрдЯрд╛рдХреНрд╖ https://t.co/DbRaSLn4zC"
9,"RT @gautam007: рдкрд░рд╕рд╛рдИ рдХреА рд╕рдЪреНрдЪрд╛рдИ......
#рд╡реНрдпрдВрдЧ #рдХрдЯрд╛рдХреНрд╖ https://t.co/DbRaSLn4zC"
10,"RT @m_meluha: рдЕрдкрдиреЗ рдмрдЪреНрдЪреЗ рдХреЗ рдХрдВрдзреЗ рдкрд░ рдХрд┐рддрд╛рдмреЛрдВ рдХреА рдЭреЛрд▓реА, рднрд╛рд░реА рджрд┐рдЦрддреА рд╣реИ рдкрд░ рдЕрдкрдиреЗ рджреБрдХрд╛рди рдкрд░ рдХрд╛рдо рдХрд░рдиреЗ рд╡рд╛рд▓реЗ рдЫреЛрдЯреВ рд╕реЗ, рдХрд┐рд▓реЛрдВ-рдХрд┐рд▓реЛрдВ рд╕рдорд╛рди рдЙрдард╡рд╛рддреЗ рд╣реЛ. рдпреЗтАж"
11,"RT @gautam007: рдкрд░рд╕рд╛рдИ рдХреА рд╕рдЪреНрдЪрд╛рдИ......
#рд╡реНрдпрдВрдЧ #рдХрдЯрд╛рдХреНрд╖ https://t.co/DbRaSLn4zC"
12,"RT @gautam007: рдкрд░рд╕рд╛рдИ рдХреА рд╕рдЪреНрдЪрд╛рдИ......
#рд╡реНрдпрдВрдЧ #рдХрдЯрд╛рдХреНрд╖ https://t.co/DbRaSLn4zC"
13,"RT @gautam007: рдкрд░рд╕рд╛рдИ рдХреА рд╕рдЪреНрдЪрд╛рдИ......
#рд╡реНрдпрдВрдЧ #рдХрдЯрд╛рдХреНрд╖ https://t.co/DbRaSLn4zC"
14,"RT @gautam007: рдкрд░рд╕рд╛рдИ рдХреА рд╕рдЪреНрдЪрд╛рдИ......
#рд╡реНрдпрдВрдЧ #рдХрдЯрд╛рдХреНрд╖ https://t.co/DbRaSLn4zC"
15,"RT @gautam007: рдкрд░рд╕рд╛рдИ рдХреА рд╕рдЪреНрдЪрд╛рдИ......
#рд╡реНрдпрдВрдЧ #рдХрдЯрд╛рдХреНрд╖ https://t.co/DbRaSLn4zC"
16,"RT @gautam007: рдкрд░рд╕рд╛рдИ рдХреА рд╕рдЪреНрдЪрд╛рдИ......
#рд╡реНрдпрдВрдЧ #рдХрдЯрд╛рдХреНрд╖ https://t.co/DbRaSLn4zC"
17,"RT @gautam007: рдкрд░рд╕рд╛рдИ рдХреА рд╕рдЪреНрдЪрд╛рдИ......
#рд╡реНрдпрдВрдЧ #рдХрдЯрд╛рдХреНрд╖ https://t.co/DbRaSLn4zC"
18,"RT @gautam007: рдкрд░рд╕рд╛рдИ рдХреА рд╕рдЪреНрдЪрд╛рдИ......
#рд╡реНрдпрдВрдЧ #рдХрдЯрд╛рдХреНрд╖ https://t.co/DbRaSLn4zC"
19,"RT @gautam007: рдкрд░рд╕рд╛рдИ рдХреА рд╕рдЪреНрдЪрд╛рдИ......
#рд╡реНрдпрдВрдЧ #рдХрдЯрд╛рдХреНрд╖ https://t.co/DbRaSLn4zC"
20,"RT @gautam007: рдкрд░рд╕рд╛рдИ рдХреА рд╕рдЪреНрдЪрд╛рдИ......
#рд╡реНрдпрдВрдЧ #рдХрдЯрд╛рдХреНрд╖ https://t.co/DbRaSLn4zC"
21,"RT @m_meluha: рдЕрдкрдиреЗ рдмрдЪреНрдЪреЗ рдХреЗ рдХрдВрдзреЗ рдкрд░ рдХрд┐рддрд╛рдмреЛрдВ рдХреА рдЭреЛрд▓реА, рднрд╛рд░реА рджрд┐рдЦрддреА рд╣реИ рдкрд░ рдЕрдкрдиреЗ рджреБрдХрд╛рди рдкрд░ рдХрд╛рдо рдХрд░рдиреЗ рд╡рд╛рд▓реЗ рдЫреЛрдЯреВ рд╕реЗ, рдХрд┐рд▓реЛрдВ-рдХрд┐рд▓реЛрдВ рд╕рдорд╛рди рдЙрдард╡рд╛рддреЗ рд╣реЛ. рдпреЗтАж"
22,"RT @gautam007: рдкрд░рд╕рд╛рдИ рдХреА рд╕рдЪреНрдЪрд╛рдИ......
#рд╡реНрдпрдВрдЧ #рдХрдЯрд╛рдХреНрд╖ https://t.co/DbRaSLn4zC"
23,"RT @gautam007: рдкрд░рд╕рд╛рдИ рдХреА рд╕рдЪреНрдЪрд╛рдИ......
#рд╡реНрдпрдВрдЧ #рдХрдЯрд╛рдХреНрд╖ https://t.co/DbRaSLn4zC"
24,"RT @gautam007: рдкрд░рд╕рд╛рдИ рдХреА рд╕рдЪреНрдЪрд╛рдИ......
#рд╡реНрдпрдВрдЧ #рдХрдЯрд╛рдХреНрд╖ https://t.co/DbRaSLn4zC"
25,"RT @gautam007: рдкрд░рд╕рд╛рдИ рдХреА рд╕рдЪреНрдЪрд╛рдИ......
#рд╡реНрдпрдВрдЧ #рдХрдЯрд╛рдХреНрд╖ https://t.co/DbRaSLn4zC"
26,"RT @gautam007: рдкрд░рд╕рд╛рдИ рдХреА рд╕рдЪреНрдЪрд╛рдИ......
#рд╡реНрдпрдВрдЧ #рдХрдЯрд╛рдХреНрд╖ https://t.co/DbRaSLn4zC"
27,"RT @gautam007: рдкрд░рд╕рд╛рдИ рдХреА рд╕рдЪреНрдЪрд╛рдИ......
#рд╡реНрдпрдВрдЧ #рдХрдЯрд╛рдХреНрд╖ https://t.co/DbRaSLn4zC"
28,"RT @gautam007: рдкрд░рд╕рд╛рдИ рдХреА рд╕рдЪреНрдЪрд╛рдИ......
#рд╡реНрдпрдВрдЧ #рдХрдЯрд╛рдХреНрд╖ https://t.co/DbRaSLn4zC"
29,"RT @gautam007: рдкрд░рд╕рд╛рдИ рдХреА рд╕рдЪреНрдЪрд╛рдИ......
#рд╡реНрдпрдВрдЧ #рдХрдЯрд╛рдХреНрд╖ https://t.co/DbRaSLn4zC"
30,"RT @gautam007: рдкрд░рд╕рд╛рдИ рдХреА рд╕рдЪреНрдЪрд╛рдИ......
#рд╡реНрдпрдВрдЧ #рдХрдЯрд╛рдХреНрд╖ https://t.co/DbRaSLn4zC"
31,"RT @gautam007: рдкрд░рд╕рд╛рдИ рдХреА рд╕рдЪреНрдЪрд╛рдИ......
#рд╡реНрдпрдВрдЧ #рдХрдЯрд╛рдХреНрд╖ https://t.co/DbRaSLn4zC"
32,"RT @gautam007: рдкрд░рд╕рд╛рдИ рдХреА рд╕рдЪреНрдЪрд╛рдИ......
#рд╡реНрдпрдВрдЧ #рдХрдЯрд╛рдХреНрд╖ https://t.co/DbRaSLn4zC"
33,"RT @gautam007: рдкрд░рд╕рд╛рдИ рдХреА рд╕рдЪреНрдЪрд╛рдИ......
#рд╡реНрдпрдВрдЧ #рдХрдЯрд╛рдХреНрд╖ https://t.co/DbRaSLn4zC"
34,"RT @m_meluha: рдЕрдкрдиреЗ рдмрдЪреНрдЪреЗ рдХреЗ рдХрдВрдзреЗ рдкрд░ рдХрд┐рддрд╛рдмреЛрдВ рдХреА рдЭреЛрд▓реА, рднрд╛рд░реА рджрд┐рдЦрддреА рд╣реИ рдкрд░ рдЕрдкрдиреЗ рджреБрдХрд╛рди рдкрд░ рдХрд╛рдо рдХрд░рдиреЗ рд╡рд╛рд▓реЗ рдЫреЛрдЯреВ рд╕реЗ, рдХрд┐рд▓реЛрдВ-рдХрд┐рд▓реЛрдВ рд╕рдорд╛рди рдЙрдард╡рд╛рддреЗ рд╣реЛ. рдпреЗтАж"
35,"RT @m_meluha: рдЕрдкрдиреЗ рдмрдЪреНрдЪреЗ рдХреЗ рдХрдВрдзреЗ рдкрд░ рдХрд┐рддрд╛рдмреЛрдВ рдХреА рдЭреЛрд▓реА, рднрд╛рд░реА рджрд┐рдЦрддреА рд╣реИ рдкрд░ рдЕрдкрдиреЗ рджреБрдХрд╛рди рдкрд░ рдХрд╛рдо рдХрд░рдиреЗ рд╡рд╛рд▓реЗ рдЫреЛрдЯреВ рд╕реЗ, рдХрд┐рд▓реЛрдВ-рдХрд┐рд▓реЛрдВ рд╕рдорд╛рди рдЙрдард╡рд╛рддреЗ рд╣реЛ. рдпреЗтАж"
36,"RT @m_meluha: рдЕрдкрдиреЗ рдмрдЪреНрдЪреЗ рдХреЗ рдХрдВрдзреЗ рдкрд░ рдХрд┐рддрд╛рдмреЛрдВ рдХреА рдЭреЛрд▓реА, рднрд╛рд░реА рджрд┐рдЦрддреА рд╣реИ рдкрд░ рдЕрдкрдиреЗ рджреБрдХрд╛рди рдкрд░ рдХрд╛рдо рдХрд░рдиреЗ рд╡рд╛рд▓реЗ рдЫреЛрдЯреВ рд╕реЗ, рдХрд┐рд▓реЛрдВ-рдХрд┐рд▓реЛрдВ рд╕рдорд╛рди рдЙрдард╡рд╛рддреЗ рд╣реЛ. рдпреЗтАж"
37,"RT @m_meluha: рдЕрдкрдиреЗ рдмрдЪреНрдЪреЗ рдХреЗ рдХрдВрдзреЗ рдкрд░ рдХрд┐рддрд╛рдмреЛрдВ рдХреА рдЭреЛрд▓реА, рднрд╛рд░реА рджрд┐рдЦрддреА рд╣реИ рдкрд░ рдЕрдкрдиреЗ рджреБрдХрд╛рди рдкрд░ рдХрд╛рдо рдХрд░рдиреЗ рд╡рд╛рд▓реЗ рдЫреЛрдЯреВ рд╕реЗ, рдХрд┐рд▓реЛрдВ-рдХрд┐рд▓реЛрдВ рд╕рдорд╛рди рдЙрдард╡рд╛рддреЗ рд╣реЛ. рдпреЗтАж"
38,"RT @GetAzadi: рд░рд╛рд╣реБрд▓ рдкреВрдЫрд╛- рдордореНрдореА рдпреЗ рдХреМрди рд╕рд╛ рдЬрд╛рдирд╡рд░ рд╣реИ
рд╕реЛрдирд┐рдпрд╛ рдмреЛрд▓реА - рд╢реЗрд░ рд╣реИ 
рд░рд╛рд╣реБрд▓ рднреА рдмреЛрд▓рд╛ - рд╢реЗрд░ рд╣реИ 
рд╡рд╛рдордкрдВрдереА рдмреЛрд▓реЗ- рд╢реЗрд░ рд╣реИ 
рд░рд╛рдЬрджреАрдк рдмреЛрд▓рд╛ - рд╢реЗрд░ рд╣реИтАж"
39,"RT @m_meluha: рдЕрдкрдиреЗ рдмрдЪреНрдЪреЗ рдХреЗ рдХрдВрдзреЗ рдкрд░ рдХрд┐рддрд╛рдмреЛрдВ рдХреА рдЭреЛрд▓реА, рднрд╛рд░реА рджрд┐рдЦрддреА рд╣реИ рдкрд░ рдЕрдкрдиреЗ рджреБрдХрд╛рди рдкрд░ рдХрд╛рдо рдХрд░рдиреЗ рд╡рд╛рд▓реЗ рдЫреЛрдЯреВ рд╕реЗ, рдХрд┐рд▓реЛрдВ-рдХрд┐рд▓реЛрдВ рд╕рдорд╛рди рдЙрдард╡рд╛рддреЗ рд╣реЛ. рдпреЗтАж"
40,"RT @The_Nakum: рд╣рдорд╛рд░реЗ рдЧреБрдЬрд░рд╛рддреА рднрд╛рдИ рдЕрдирд┐рд▓ рдЕрдВрдмрд╛рдиреА рдХреЗ рдкрд╛рд╕ рд╡рдХреАрд▓ рдХреА рдлреАрд╕ рдХреЗ рд▓рд┐рдП рдкреИрд╕реЗ рдирд╣реА рд╣реИ рдФрд░ рдШрд░ рдХреЗ рд╕реЛрдиреЗ-рдЬрд╡реЗрд░рд╛рдд рдмреЗрдЪ рдХрд░ рдлреАрд╕ рднрд░ рд░рд╣реЗ рд╣реИ , рдореЗрдВ рдЧреБрд░реБрджреЗрд╡тАж"
41,"RT @The_Nakum: рд╣рдорд╛рд░реЗ рдЧреБрдЬрд░рд╛рддреА рднрд╛рдИ рдЕрдирд┐рд▓ рдЕрдВрдмрд╛рдиреА рдХреЗ рдкрд╛рд╕ рд╡рдХреАрд▓ рдХреА рдлреАрд╕ рдХреЗ рд▓рд┐рдП рдкреИрд╕реЗ рдирд╣реА рд╣реИ рдФрд░ рдШрд░ рдХреЗ рд╕реЛрдиреЗ-рдЬрд╡реЗрд░рд╛рдд рдмреЗрдЪ рдХрд░ рдлреАрд╕ рднрд░ рд░рд╣реЗ рд╣реИ , рдореЗрдВ рдЧреБрд░реБрджреЗрд╡тАж"
42,"RT @The_Nakum: рд╣рдорд╛рд░реЗ рдЧреБрдЬрд░рд╛рддреА рднрд╛рдИ рдЕрдирд┐рд▓ рдЕрдВрдмрд╛рдиреА рдХреЗ рдкрд╛рд╕ рд╡рдХреАрд▓ рдХреА рдлреАрд╕ рдХреЗ рд▓рд┐рдП рдкреИрд╕реЗ рдирд╣реА рд╣реИ рдФрд░ рдШрд░ рдХреЗ рд╕реЛрдиреЗ-рдЬрд╡реЗрд░рд╛рдд рдмреЗрдЪ рдХрд░ рдлреАрд╕ рднрд░ рд░рд╣реЗ рд╣реИ , рдореЗрдВ рдЧреБрд░реБрджреЗрд╡тАж"
43,"RT @The_Nakum: рд╣рдорд╛рд░реЗ рдЧреБрдЬрд░рд╛рддреА рднрд╛рдИ рдЕрдирд┐рд▓ рдЕрдВрдмрд╛рдиреА рдХреЗ рдкрд╛рд╕ рд╡рдХреАрд▓ рдХреА рдлреАрд╕ рдХреЗ рд▓рд┐рдП рдкреИрд╕реЗ рдирд╣реА рд╣реИ рдФрд░ рдШрд░ рдХреЗ рд╕реЛрдиреЗ-рдЬрд╡реЗрд░рд╛рдд рдмреЗрдЪ рдХрд░ рдлреАрд╕ рднрд░ рд░рд╣реЗ рд╣реИ , рдореЗрдВ рдЧреБрд░реБрджреЗрд╡тАж"
44,"RT @The_Nakum: рд╣рдорд╛рд░реЗ рдЧреБрдЬрд░рд╛рддреА рднрд╛рдИ рдЕрдирд┐рд▓ рдЕрдВрдмрд╛рдиреА рдХреЗ рдкрд╛рд╕ рд╡рдХреАрд▓ рдХреА рдлреАрд╕ рдХреЗ рд▓рд┐рдП рдкреИрд╕реЗ рдирд╣реА рд╣реИ рдФрд░ рдШрд░ рдХреЗ рд╕реЛрдиреЗ-рдЬрд╡реЗрд░рд╛рдд рдмреЗрдЪ рдХрд░ рдлреАрд╕ рднрд░ рд░рд╣реЗ рд╣реИ , рдореЗрдВ рдЧреБрд░реБрджреЗрд╡тАж"
45,"RT @m_meluha: рдЕрдкрдиреЗ рдмрдЪреНрдЪреЗ рдХреЗ рдХрдВрдзреЗ рдкрд░ рдХрд┐рддрд╛рдмреЛрдВ рдХреА рдЭреЛрд▓реА, рднрд╛рд░реА рджрд┐рдЦрддреА рд╣реИ рдкрд░ рдЕрдкрдиреЗ рджреБрдХрд╛рди рдкрд░ рдХрд╛рдо рдХрд░рдиреЗ рд╡рд╛рд▓реЗ рдЫреЛрдЯреВ рд╕реЗ, рдХрд┐рд▓реЛрдВ-рдХрд┐рд▓реЛрдВ рд╕рдорд╛рди рдЙрдард╡рд╛рддреЗ рд╣реЛ. рдпреЗтАж"
46,"RT @The_Nakum: рд╣рдорд╛рд░реЗ рдЧреБрдЬрд░рд╛рддреА рднрд╛рдИ рдЕрдирд┐рд▓ рдЕрдВрдмрд╛рдиреА рдХреЗ рдкрд╛рд╕ рд╡рдХреАрд▓ рдХреА рдлреАрд╕ рдХреЗ рд▓рд┐рдП рдкреИрд╕реЗ рдирд╣реА рд╣реИ рдФрд░ рдШрд░ рдХреЗ рд╕реЛрдиреЗ-рдЬрд╡реЗрд░рд╛рдд рдмреЗрдЪ рдХрд░ рдлреАрд╕ рднрд░ рд░рд╣реЗ рд╣реИ , рдореЗрдВ рдЧреБрд░реБрджреЗрд╡тАж"
47,"RT @The_Nakum: рд╣рдорд╛рд░реЗ рдЧреБрдЬрд░рд╛рддреА рднрд╛рдИ рдЕрдирд┐рд▓ рдЕрдВрдмрд╛рдиреА рдХреЗ рдкрд╛рд╕ рд╡рдХреАрд▓ рдХреА рдлреАрд╕ рдХреЗ рд▓рд┐рдП рдкреИрд╕реЗ рдирд╣реА рд╣реИ рдФрд░ рдШрд░ рдХреЗ рд╕реЛрдиреЗ-рдЬрд╡реЗрд░рд╛рдд рдмреЗрдЪ рдХрд░ рдлреАрд╕ рднрд░ рд░рд╣реЗ рд╣реИ , рдореЗрдВ рдЧреБрд░реБрджреЗрд╡тАж"
48,"RT @The_Nakum: рд╣рдорд╛рд░реЗ рдЧреБрдЬрд░рд╛рддреА рднрд╛рдИ рдЕрдирд┐рд▓ рдЕрдВрдмрд╛рдиреА рдХреЗ рдкрд╛рд╕ рд╡рдХреАрд▓ рдХреА рдлреАрд╕ рдХреЗ рд▓рд┐рдП рдкреИрд╕реЗ рдирд╣реА рд╣реИ рдФрд░ рдШрд░ рдХреЗ рд╕реЛрдиреЗ-рдЬрд╡реЗрд░рд╛рдд рдмреЗрдЪ рдХрд░ рдлреАрд╕ рднрд░ рд░рд╣реЗ рд╣реИ , рдореЗрдВ рдЧреБрд░реБрджреЗрд╡тАж"
49,"рд╣рдорд╛рд░реЗ рдЧреБрдЬрд░рд╛рддреА рднрд╛рдИ рдЕрдирд┐рд▓ рдЕрдВрдмрд╛рдиреА рдХреЗ рдкрд╛рд╕ рд╡рдХреАрд▓ рдХреА рдлреАрд╕ рдХреЗ рд▓рд┐рдП рдкреИрд╕реЗ рдирд╣реА рд╣реИ рдФрд░ рдШрд░ рдХреЗ рд╕реЛрдиреЗ-рдЬрд╡реЗрд░рд╛рдд рдмреЗрдЪ рдХрд░ рдлреАрд╕ рднрд░ рд░рд╣реЗ рд╣реИ , рдореЗрдВ рдЧреБрд░реБрджреЗрд╡ @PrayagrajWale рдХреЛ рдЕрдиреБрд░реЛрдз рдХрд░рддрд╛ рд╣реБ рдХреА рдЗрд╕ рдорд╣рд╛рдорд╛рд░реА рдореЗрдВ рдЖрдЧреЗ рдЖрдпреЗ рдФрд░ рдЕрдВрдмрд╛рдиреА рднрд╛рдИ рдХреА рдЙрдЪрд┐рдд рдорджрдж рдХрд░реЗ ред #рд╡реНрдпрдВрдЧ
ЁЯШКЁЯШвЁЯШКЁЯШв https://t.co/EOIX3iODRQ"
50,"RT @m_meluha: рдЕрдкрдиреЗ рдмрдЪреНрдЪреЗ рдХреЗ рдХрдВрдзреЗ рдкрд░ рдХрд┐рддрд╛рдмреЛрдВ рдХреА рдЭреЛрд▓реА, рднрд╛рд░реА рджрд┐рдЦрддреА рд╣реИ рдкрд░ рдЕрдкрдиреЗ рджреБрдХрд╛рди рдкрд░ рдХрд╛рдо рдХрд░рдиреЗ рд╡рд╛рд▓реЗ рдЫреЛрдЯреВ рд╕реЗ, рдХрд┐рд▓реЛрдВ-рдХрд┐рд▓реЛрдВ рд╕рдорд╛рди рдЙрдард╡рд╛рддреЗ рд╣реЛ. рдпреЗтАж"
51,"RT @m_meluha: рдЕрдкрдиреЗ рдмрдЪреНрдЪреЗ рдХреЗ рдХрдВрдзреЗ рдкрд░ рдХрд┐рддрд╛рдмреЛрдВ рдХреА рдЭреЛрд▓реА, рднрд╛рд░реА рджрд┐рдЦрддреА рд╣реИ рдкрд░ рдЕрдкрдиреЗ рджреБрдХрд╛рди рдкрд░ рдХрд╛рдо рдХрд░рдиреЗ рд╡рд╛рд▓реЗ рдЫреЛрдЯреВ рд╕реЗ, рдХрд┐рд▓реЛрдВ-рдХрд┐рд▓реЛрдВ рд╕рдорд╛рди рдЙрдард╡рд╛рддреЗ рд╣реЛ. рдпреЗтАж"
52,"рдЕрдкрдиреЗ рдмрдЪреНрдЪреЗ рдХреЗ рдХрдВрдзреЗ рдкрд░ рдХрд┐рддрд╛рдмреЛрдВ рдХреА рдЭреЛрд▓реА, рднрд╛рд░реА рджрд┐рдЦрддреА рд╣реИ рдкрд░ рдЕрдкрдиреЗ рджреБрдХрд╛рди рдкрд░ рдХрд╛рдо рдХрд░рдиреЗ рд╡рд╛рд▓реЗ рдЫреЛрдЯреВ рд╕реЗ, рдХрд┐рд▓реЛрдВ-рдХрд┐рд▓реЛрдВ рд╕рдорд╛рди рдЙрдард╡рд╛рддреЗ рд╣реЛ. рдпреЗ рдХреМрди рд╕рд╛ рдорд╛рдкрдХ рдпрдВрддреНрд░ рд╣реИ рднрдЗ, рдЦреИрд░ рдореБрдЭреЗ рдХреНрдпрд╛.... тШХ

#рд╢реБрдн_рдкреНрд░рднрд╛рдд
#SundayMorning #рд╡реНрдпрдВрдЧ"
53,"рдЖрдЬ рдордирдореЛрд╣рди рд╕рд┐рдВрд╣ рдХрд╛ рдЬрдиреНрдорджрд┐рди рд╣реИ,

рдЙрддрдиреЗ рд╕реЗрдХрдВрдб рдХрд╛ рдореМрди рдЕрдЧрд░ рд╣рдо рдЙрдирдХреЗ рд▓рд┐рдП рд░рдЦреЗрдВ рдЬрд┐рддрдиреЗ рд▓рд╛рдЦ рдХрд░реЛрдбрд╝ рдХреЗ рд╕реНрдХреИрдо рдЙрдирдХреЗ рдореМрди рдореБрджреНрд░рд╛ рдХреЗ рдиреАрдЪреЗ рд╣реБрдП рд╣реИрдВ, рддреЛ рдЙрдирдХреА 10000 рдкреАрдврд╝рд┐рдпрд╛рдБ рдирд┐рдХрд▓ рдЬрд╛рдпреЗрдВрдЧреАред

#рд╡реНрдпрдВрдЧ"
54,"рдЬреБрдЖ рдЪрд▓реИ рд╕рдЯреНрдЯрд╛ рдЪрд▓реИ
рдЪрд▓реИ IPL рдмрд╛рдЬрд╛рд░
рддреБрдо рдмрдЪрд╡рд╛ рдмрд┐рдирд╛
рдорд╛рд╕реНрдХ рди рдЬрд╛рдпреЗрдУ рдмрд╛рд╣рд░
рдЬрд╛рдЧрдд рд╣реИ рд╕рд░рдХрд╛рд░ред
#рд╡реНрдпрдВрдЧ"
55,"рдЖрдЧреЗ рдмрдврд╝рдиреЗ рд╡рд╛рд▓рд╛ рд╡реНрдпрдХреНрддрд┐ рдХрднреА 
рдХрд┐рд╕реАрдХреЛ рдмрд╛рдзрд╛ рдирд╣реАрдВ рдкрд╣реБрдВрдЪрд╛рддрд╛,
                  рдФрд░
рджреВрд╕рд░реЛрдВ рдХреЛ рдмрд╛рдзрд╛ рдкрд╣реБрдВрдЪрд╛рдиреЗ рд╡рд╛рд▓рд╛
 рд╡реНрдпрдХреНрддрд┐ рдХрднреА рдЖрдЧреЗ рдирд╣реАрдВ рдмрдврд╝рддрд╛ред :)
#рд╡реНрдпрдВрдЧ"
56,"рд╕рдореНрднрд╛рд▓ рдирд╣реА рдкрд╛рдП рднрдИрдпрд╛ рдзрдзрдХрддреА рдЖрдЧ рдЬрд╡рд╛рдиреА рдореЗ 
рдПрд╣реА рдмрджреЗ рднрдЙрдЬреА рдЦреБрдж рдЧрдИ рдкрд░рдзрд╛рдиреА рдореЗ 
#рд╡реНрдпрдВрдЧ https://t.co/wYGNpOMO7N"
57,"рдореИрдВ рдПрдирд╕реАрдмреА, рд╕реНрд╡рдЪреНрдЫ рднрд╛рд░рдд рдорд┐рд╢рди рдХреЗ рд╕рд╛рде рд╣реВрдВ, рдмреАрдЬреЗрдкреА рдХреЗ рдирд╣реАрдВ, рдкреНрд░рд┐рдп рднрдХреНрддреЛрдВред рд▓реЛрдЧ рддреЛ рдбреНрд░рдЧреНрд╕ рдХреЗ рдЦрд╝рд┐рд▓рд╛рдлрд╝ рдХреИрдВрдкреЗрди рдЪрд▓рд╛рддреЗ рд╣реА рд░рд╣реЗ рд╣реИрдВред
#рд╡реНрдпрдВрдЧ"
58,"рдорд░рддреЗ рд╣реИ рдХрд┐рд╕рд╛рди,рдмреЗрд░реЛрдЬрд╝рдЧрд╛рд░, рдпреБрд╡рд╛ рддреЛ рдорд╛рд░рдиреЗ рджреЛ рд╡рд╣ рдХреЛрдИ рд╕реБрд╢рд╛рдВрдд рдереЛрдбрд╝реА рд╣реИрдВ,

рдЙрдЬрдбрд╝рддрд╛ рд╣реИ рдЦреЗрдд-рдЦрд▓рд┐рд╣рд╛рди,рдФрд░ рднрд╛рд░рддреАрдп рднрд╡рд┐рд╖реНрдп рддреЛ рдЙрдЬрдбрд╝рдиреЗ рджреЛ, рдХрдВрдЧрдирд╛ рдХрд╛ рдордХрд╛рди рдереЛрдбрд╝реА рд╣реИ!!
#рдХрд┐рд╕рд╛рди_рдмрд┐рд▓ 
#рдпреБрд╡рд╛ 
#рд╡рдпрдВрдЧ"
59,"@ManishJhaTweets рджрд░рднрдВрдЧрд╛ рд╕реЗ рдХреНрдпреВрдБ, рд╣рдордХреЛ рддреЛ рд▓рдЧрддрд╛ рд╣реИрдВ рдмрд┐рд╣рд╛рд░ рдореЗрдВ рдЖрдЪрд╛рд░ рд╕рдВрд╣рд┐рддрд╛ рд▓рдЧрдиреЗ рд╕реЗ рддреБрд░рдВрдд рдкрд╣рд▓реЗ рдХрд╣реАрдВ #NitishKumar #рдкреВрд░реНрдгрд┐рдпрд╛ #рднрд╛рдЧрд▓рдкреБрд░ рд╕реЗ рд╣рд╡рд╛рдИ рд╕реЗрд╡рд╛ рдирд╛ рд╢реБрд░реВ рдХрд░рд╡рд╛ рджреЗ!! #рд╡реНрдпрдВрдЧ"
